{
  "user_id": {
    "0": 309,
    "1": 1024,
    "2": 2397,
    "3": 2424,
    "4": 2788,
    "5": 197,
    "6": 984,
    "7": 3514,
    "8": 4548,
    "9": 4764,
    "10": 4490,
    "11": 4693,
    "12": 6268,
    "13": 8359,
    "14": 16265,
    "15": 20,
    "16": 132,
    "17": 141,
    "18": 157,
    "19": 191,
    "20": 90,
    "21": 313,
    "22": 964,
    "23": 4563,
    "24": 8085
  },
  "reordered": {
    "0": 143,
    "1": 117,
    "2": 217,
    "3": 127,
    "4": 164,
    "5": 304,
    "6": 242,
    "7": 321,
    "8": 396,
    "9": 437,
    "10": 1498,
    "11": 1089,
    "12": 985,
    "13": 1459,
    "14": 1560,
    "15": 15,
    "16": 75,
    "17": 6,
    "18": 18,
    "19": 3,
    "20": 598,
    "21": 663,
    "22": 542,
    "23": 565,
    "24": 652
  },
  "order_id": {
    "0": 26,
    "1": 100,
    "2": 42,
    "3": 20,
    "4": 11,
    "5": 21,
    "6": 51,
    "7": 99,
    "8": 44,
    "9": 100,
    "10": 99,
    "11": 99,
    "12": 100,
    "13": 100,
    "14": 100,
    "15": 4,
    "16": 25,
    "17": 4,
    "18": 5,
    "19": 5,
    "20": 72,
    "21": 100,
    "22": 99,
    "23": 100,
    "24": 99
  },
  "add_to_cart_order": {
    "0": 8.1149068323,
    "1": 1.2898550725,
    "2": 3.8863636364,
    "3": 5.9119170984,
    "4": 12.5837104072,
    "5": 12.9352818372,
    "6": 7.7014563107,
    "7": 4.2585170341,
    "8": 7.0240740741,
    "9": 3.2314225053,
    "10": 10.4384800965,
    "11": 8.2565982405,
    "12": 7.8275555556,
    "13": 9.9987063389,
    "14": 16.6929530201,
    "15": 3.4545454545,
    "16": 3.2459016393,
    "17": 5.8048780488,
    "18": 5.9038461538,
    "19": 3.5333333333,
    "20": 6.2325925926,
    "21": 5.9029003783,
    "22": 4.7367688022,
    "23": 6.2643274854,
    "24": 5.8462441315
  },
  "order_dow": {
    "0": 2.1832298137,
    "1": 3.1304347826,
    "2": 2.2537878788,
    "3": 3.2435233161,
    "4": 1.5610859729,
    "5": 3.7724425887,
    "6": 1.8203883495,
    "7": 3.7995991984,
    "8": 3.012962963,
    "9": 3.5244161359,
    "10": 2.3154402895,
    "11": 3.3291788856,
    "12": 3.7031111111,
    "13": 3.818240621,
    "14": 3.4468680089,
    "15": 2.0,
    "16": 2.1639344262,
    "17": 2.5853658537,
    "18": 2.9423076923,
    "19": 2.5333333333,
    "20": 3.5911111111,
    "21": 3.1248423707,
    "22": 3.2771587744,
    "23": 3.2,
    "24": 2.7922535211
  },
  "order_hour_of_day": {
    "0": 11.152173913,
    "1": 11.652173913,
    "2": 11.0643939394,
    "3": 13.3989637306,
    "4": 11.2714932127,
    "5": 14.0855949896,
    "6": 14.067961165,
    "7": 10.8476953908,
    "8": 15.2314814815,
    "9": 10.7006369427,
    "10": 10.0971049457,
    "11": 14.4501466276,
    "12": 11.0897777778,
    "13": 11.8505821475,
    "14": 14.5855704698,
    "15": 11.7272727273,
    "16": 11.7049180328,
    "17": 13.2682926829,
    "18": 16.1923076923,
    "19": 13.6333333333,
    "20": 12.1348148148,
    "21": 8.8121059269,
    "22": 14.3983286908,
    "23": 11.3964912281,
    "24": 13.7922535211
  },
  "days_since_prior_order": {
    "0": 1.1228668942,
    "1": 0.6423357664,
    "2": 4.0308880309,
    "3": 3.9837837838,
    "4": 4.6231155779,
    "5": 3.9264069264,
    "6": 2.3084577114,
    "7": 1.5143442623,
    "8": 2.4486692015,
    "9": 1.3675213675,
    "10": 3.7823170732,
    "11": 1.9617083947,
    "12": 1.5429864253,
    "13": 2.1229561805,
    "14": 3.4500865551,
    "15": 5.5,
    "16": 3.3448275862,
    "17": 3.5357142857,
    "18": 5.0,
    "19": 4.6666666667,
    "20": 3.5241691843,
    "21": 2.2362002567,
    "22": 2.4050632911,
    "23": 2.0436835891,
    "24": 1.8028335301
  },
  "churn": {
    "0": false,
    "1": false,
    "2": false,
    "3": false,
    "4": false,
    "5": false,
    "6": false,
    "7": false,
    "8": false,
    "9": false,
    "10": false,
    "11": false,
    "12": false,
    "13": false,
    "14": false,
    "15": false,
    "16": false,
    "17": false,
    "18": false,
    "19": false,
    "20": false,
    "21": false,
    "22": false,
    "23": false,
    "24": false
  },
  "segment": {
    "0": 0,
    "1": 0,
    "2": 0,
    "3": 0,
    "4": 0,
    "5": 1,
    "6": 1,
    "7": 1,
    "8": 1,
    "9": 1,
    "10": 2,
    "11": 2,
    "12": 2,
    "13": 2,
    "14": 2,
    "15": 3,
    "16": 3,
    "17": 3,
    "18": 3,
    "19": 3,
    "20": 4,
    "21": 4,
    "22": 4,
    "23": 4,
    "24": 4
  }
}
